ChemblID;Score;Smile;ROMol;tanimoto_maccs;dice_maccs;tanimoto_morgan;dice_morgan
CHEMBL221959;1.0; C[C@@H]1CCN(C[C@@H]1N(C)C1=C2C=CNC2=NC=N1)C(=O)CC#N;<rdkit.Chem.rdchem.Mol object at 0x7f5ace5a57b0>;1.0;1.0;1.0;1.0
CHEMBL459769;0.999; C[C@H]1CCN(C[C@H]1N(C)C1=C2C=CNC2=NC=N1)C(=O)CC#N;<rdkit.Chem.rdchem.Mol object at 0x7f5ace5a5810>;1.0;1.0;1.0;1.0
CHEMBL4638316;0.999; CN(CC1CCCN1C1=C2C=CNC2=NC=N1)C(=O)CC#N;<rdkit.Chem.rdchem.Mol object at 0x7f5ace5a5870>;0.9454545454545454;0.9719626168224299;0.47297297297297297;0.6422018348623854
CHEMBL3689522;0.999; CC1CN(CC2(CCN2C(=O)CC#N)C1)C1=C2C=CNC2=NC=N1;<rdkit.Chem.rdchem.Mol object at 0x7f5ace5a58d0>;0.847457627118644;0.9174311926605505;0.4675324675324675;0.6371681415929203
CHEMBL3969009;0.999; CN(C1CCCN(C1)C1=C2C=CNC2=NC=N1)C(=O)CC#N;<rdkit.Chem.rdchem.Mol object at 0x7f5ace5a5930>;0.9272727272727272;0.9622641509433962;0.4931506849315068;0.6605504587155964
CHEMBL3693604;0.999; O=C(CC#N)N1CCC11CCCCN(C1)C1=C2C=CNC2=NC=N1;<rdkit.Chem.rdchem.Mol object at 0x7f5ace5a5990>;0.7666666666666667;0.8679245283018868;0.4155844155844156;0.5871559633027523
CHEMBL3689515;0.999; O=C(CC#N)N1CCC11CCCN(C1)C1=C2C=CNC2=NC=N1;<rdkit.Chem.rdchem.Mol object at 0x7f5ace5a59f0>;0.7966101694915254;0.8867924528301887;0.42105263157894735;0.5925925925925926
CHEMBL3689521;0.999; CC1CC2(CCCN(C2)C2=C3C=CNC3=NC=N2)N1C(=O)CC#N;<rdkit.Chem.rdchem.Mol object at 0x7f5ace5a5a50>;0.864406779661017;0.9272727272727272;0.45454545454545453;0.625
CHEMBL1630803;0.999; CC(C#N)C(=O)N1CCC(C)C(C1)N(C)C1=C2C=CNC2=NC=N1;<rdkit.Chem.rdchem.Mol object at 0x7f5ace5a5ab0>;0.9454545454545454;0.9719626168224299;0.734375;0.8468468468468469
CHEMBL3689519;0.999; O=C(CC#N)N1CCCC11CCCN(C1)C1=C2C=CNC2=NC=N1;<rdkit.Chem.rdchem.Mol object at 0x7f5ace5a5b10>;0.8245614035087719;0.9038461538461539;0.4266666666666667;0.5981308411214953
CHEMBL1630802;0.999; CC1CCN(CC1N(C)C1=C2C=CNC2=NC=N1)C(=O)C(C)(C)C#N;<rdkit.Chem.rdchem.Mol object at 0x7f5ace5a5b70>;0.896551724137931;0.9454545454545454;0.734375;0.8468468468468469
CHEMBL3693606;0.999; CC1CCN(C(=O)CC#N)C11CCCN(C1)C1=C2C=CNC2=NC=N1;<rdkit.Chem.rdchem.Mol object at 0x7f5ace5a5bd0>;0.8947368421052632;0.9444444444444444;0.46153846153846156;0.631578947368421
CHEMBL3689526;0.999; CC1(C)CN(C(=O)CC#N)C11CCCN(C1)C1=C2C=CNC2=NC=N1;<rdkit.Chem.rdchem.Mol object at 0x7f5ace5a5c30>;0.8666666666666667;0.9285714285714286;0.4230769230769231;0.5945945945945946
CHEMBL3689514;0.998; CC1CN(C(=O)CC#N)C11CCCN(C1)C1=C2C=CNC2=NC=N1;<rdkit.Chem.rdchem.Mol object at 0x7f5ace5a5c90>;0.864406779661017;0.9272727272727272;0.4675324675324675;0.6371681415929203
CHEMBL3693624;0.998; O=C(CC#N)N1CCCCC11CCCN(C1)C1=C2C=CNC2=NC=N1;<rdkit.Chem.rdchem.Mol object at 0x7f5ace5a5cf0>;0.8245614035087719;0.9038461538461539;0.4155844155844156;0.5871559633027523
CHEMBL3689523;0.998; O=C(CC#N)N1CCC11CCN(C1)C1=C2C=CNC2=NC=N1;<rdkit.Chem.rdchem.Mol object at 0x7f5ace5a5d50>;0.7796610169491526;0.8761904761904762;0.4383561643835616;0.6095238095238096
CHEMBL3689518;0.998; CC1CN(C(=O)CC#N)C11CCN(C1)C1=C2C=CNC2=NC=N1;<rdkit.Chem.rdchem.Mol object at 0x7f5ace5a5db0>;0.847457627118644;0.9174311926605505;0.48;0.6486486486486487
CHEMBL1630800;0.998; C[C@@H]1CCN(C[C@@H]1N(C)C1=C2C=CNC2=NC=N1)C(=O)CC1CC1;<rdkit.Chem.rdchem.Mol object at 0x7f5ace5a5e10>;0.9454545454545454;0.9719626168224299;0.7704918032786885;0.8703703703703703
CHEMBL3689533;0.998; CC1(C)CN(C(=O)CC#N)C11CCN(C1)C1=C2C=CNC2=NC=N1;<rdkit.Chem.rdchem.Mol object at 0x7f5ace5a5e70>;0.85;0.918918918918919;0.4342105263157895;0.6055045871559633
CHEMBL4643358;0.998; O=C(CC#N)N1CCCC2CN(CC12)C1=C2C=CNC2=NC=N1;<rdkit.Chem.rdchem.Mol object at 0x7f5ace5a5ed0>;0.8545454545454545;0.9215686274509803;0.47297297297297297;0.6422018348623854
CHEMBL3693628;0.998; O=C(CC#N)N1CCCC11CCN(C1)C1=C2C=CNC2=NC=N1;<rdkit.Chem.rdchem.Mol object at 0x7f5ace5a5f30>;0.8070175438596491;0.8932038834951457;0.42105263157894735;0.5925925925925926
CHEMBL3693620;0.998; O=C(CC#N)N1CCCCC11CCN(C1)C1=C2C=CNC2=NC=N1;<rdkit.Chem.rdchem.Mol object at 0x7f5ace5a5f90>;0.8245614035087719;0.9038461538461539;0.4155844155844156;0.5871559633027523
CHEMBL3693601;0.998; CC1CCN(C(=O)CC#N)C11CCN(C1)C1=C2C=CNC2=NC=N1;<rdkit.Chem.rdchem.Mol object at 0x7f5acfeac030>;0.8771929824561403;0.9345794392523364;0.47368421052631576;0.6428571428571429
CHEMBL4290957;0.997; CN([C@@H]1CN(CC11CC1)C(=O)CC#N)C1=C2C=CNC2=NC=N1;<rdkit.Chem.rdchem.Mol object at 0x7f5acfeac090>;0.8596491228070176;0.9245283018867925;0.6417910447761194;0.7818181818181819
CHEMBL4284023;0.997; CN(C1CN(CC11CC1)C(=O)CC#N)C1=C2C=CNC2=NC=N1;<rdkit.Chem.rdchem.Mol object at 0x7f5acfeac0f0>;0.8596491228070176;0.9245283018867925;0.6417910447761194;0.7818181818181819
CHEMBL3693618;0.997; O=C(CC#N)N1CCCCCC11CCCN(C1)C1=C2C=CNC2=NC=N1;<rdkit.Chem.rdchem.Mol object at 0x7f5acfeac150>;0.8103448275862069;0.8952380952380953;0.41025641025641024;0.5818181818181818
CHEMBL4279819;0.997; CN([C@H]1CN(CC11CC1)C(=O)CC#N)C1=C2C=CNC2=NC=N1;<rdkit.Chem.rdchem.Mol object at 0x7f5acfeac1b0>;0.8596491228070176;0.9245283018867925;0.6417910447761194;0.7818181818181819
CHEMBL4083094;0.997; C[C@@H]1CCN(C[C@@H]1N(C)C1=C2C=CNC2=NC=N1)C(=O)C=C;<rdkit.Chem.rdchem.Mol object at 0x7f5acfeac210>;0.8928571428571429;0.9433962264150944;0.6984126984126984;0.822429906542056
CHEMBL3689536;0.997; CC1(C)CCN(C(=O)CC#N)C11CCN(C1)C1=C2C=CNC2=NC=N1;<rdkit.Chem.rdchem.Mol object at 0x7f5acfeac270>;0.8793103448275862;0.9357798165137615;0.42857142857142855;0.6
CHEMBL3693617;0.997; O=C(N1CCCC11CCN(C1)C1=C2C=CNC2=NC=N1)C1(CC1)C#N;<rdkit.Chem.rdchem.Mol object at 0x7f5acfeac2d0>;0.7586206896551724;0.8627450980392157;0.3170731707317073;0.48148148148148145
CHEMBL4224807;0.997; CN([C@@H]1CCN(C1)C(=O)CC#N)C1=C2C=CNC2=NC=N1;<rdkit.Chem.rdchem.Mol object at 0x7f5acfeac330>;0.9259259259259259;0.9615384615384616;0.7833333333333333;0.8785046728971962
CHEMBL3693625;0.997; CC(=O)N1CCCC11CCCN(C1)C1=C2C=CNC2=NC=N1;<rdkit.Chem.rdchem.Mol object at 0x7f5acfeac390>;0.8070175438596491;0.8932038834951457;0.3116883116883117;0.4752475247524752
CHEMBL4228831;0.997; CN([C@H]1CN(CC1(C)C)C(=O)CC#N)C1=C2C=CNC2=NC=N1;<rdkit.Chem.rdchem.Mol object at 0x7f5acfeac3f0>;0.8620689655172413;0.9259259259259259;0.6515151515151515;0.7889908256880734
CHEMBL4297507;0.997; C[C@H]1CN(C(=O)CC#N)[C@]11CCN(C1)C1=C2C=CNC2=NC=N1;<rdkit.Chem.rdchem.Mol object at 0x7f5acfeac450>;0.847457627118644;0.9174311926605505;0.48;0.6486486486486487
CHEMBL4075230;0.997; CC(=O)N1CC[C@H]2CCN([C@H]2C1)C1=C2C=CNC2=NC=N1;<rdkit.Chem.rdchem.Mol object at 0x7f5acfeac4b0>;0.8363636363636363;0.9108910891089109;0.4027777777777778;0.5742574257425742
CHEMBL1630798;0.997; C[C@@H]1CCN(C[C@@H]1N(C)C1=C2C=CNC2=NC=N1)C(=O)C1CCCC1;<rdkit.Chem.rdchem.Mol object at 0x7f5acfeac510>;0.9259259259259259;0.9615384615384616;0.6984126984126984;0.822429906542056
CHEMBL4642854;0.997; O=C(CC#N)N1CCC2CN(CC12)C1=C2C=CNC2=NC=N1;<rdkit.Chem.rdchem.Mol object at 0x7f5acfeac570>;0.8363636363636363;0.9108910891089109;0.4861111111111111;0.6542056074766355
CHEMBL4225073;0.996; CN([C@H]1CN(CC11CCC1)C(=O)CC#N)C1=C2C=CNC2=NC=N1;<rdkit.Chem.rdchem.Mol object at 0x7f5acfeac5d0>;0.8771929824561403;0.9345794392523364;0.6231884057971014;0.7678571428571429
CHEMBL4062946;0.996; C=CC(=O)N1CCC[C@H](C1)NC1=C2C=CNC2=NC=N1;<rdkit.Chem.rdchem.Mol object at 0x7f5acfeac630>;0.7049180327868853;0.8269230769230769;0.3783783783783784;0.5490196078431373
CHEMBL3689525;0.996; CC1N(CCC11CCN1C(=O)CC#N)C1=C2C=CNC2=NC=N1;<rdkit.Chem.rdchem.Mol object at 0x7f5acfeac690>;0.8305084745762712;0.9074074074074074;0.4794520547945205;0.6481481481481481
CHEMBL4645444;0.996; O=C(CC#N)N1CC2CCN(C2C1)C1=C2C=CNC2=NC=N1;<rdkit.Chem.rdchem.Mol object at 0x7f5acfeac6f0>;0.8363636363636363;0.9108910891089109;0.5285714285714286;0.6915887850467289
CHEMBL4227865;0.996; CCN([C@@H]1CCN(C1)C(=O)CC#N)C1=C2C=CNC2=NC=N1;<rdkit.Chem.rdchem.Mol object at 0x7f5acfeac750>;0.8727272727272727;0.9320388349514563;0.676923076923077;0.8073394495412844
CHEMBL1630794;0.996; C[C@@H]1CCN(C[C@@H]1N(C)C1=C2C=CNC2=NC=N1)C(=O)CC1CCCC1;<rdkit.Chem.rdchem.Mol object at 0x7f5acfeac7b0>;0.9629629629629629;0.9811320754716981;0.746031746031746;0.8545454545454545
CHEMBL4062806;0.996; C[C@@H]1C[C@H](CN(C1)C(=O)C=C)NC1=C2C=CNC2=NC=N1;<rdkit.Chem.rdchem.Mol object at 0x7f5acfeac810>;0.7166666666666667;0.8349514563106796;0.35526315789473684;0.5242718446601942
CHEMBL3693623;0.995; CC(=O)N1CCCCC11CCCN(C1)C1=C2C=CNC2=NC=N1;<rdkit.Chem.rdchem.Mol object at 0x7f5acfeac870>;0.8070175438596491;0.8932038834951457;0.3037974683544304;0.46601941747572817
CHEMBL3693603;0.995; FC1(F)CCN(C(=O)CC#N)C11CCCN(C1)C1=C2C=CNC2=NC=N1;<rdkit.Chem.rdchem.Mol object at 0x7f5acfeac8d0>;0.7704918032786885;0.8703703703703703;0.4;0.5714285714285714
CHEMBL4085457;0.995; C[C@H]1CC[C@H](CN1C(=O)C=C)NC1=C2C=CNC2=NC=N1;<rdkit.Chem.rdchem.Mol object at 0x7f5acfeac930>;0.75;0.8571428571428571;0.35064935064935066;0.5192307692307693
CHEMBL3689529;0.995; FC1(F)CCN(CC11CCCN1C(=O)CC#N)C1=C2C=CNC2=NC=N1;<rdkit.Chem.rdchem.Mol object at 0x7f5acfeac990>;0.7704918032786885;0.8703703703703703;0.4;0.5714285714285714
CHEMBL3693627;0.995; CCC(=O)N1CCCC11CCN(C1)C1=C2C=CNC2=NC=N1;<rdkit.Chem.rdchem.Mol object at 0x7f5acfeac9f0>;0.7931034482758621;0.8846153846153846;0.3291139240506329;0.49523809523809526
CHEMBL4090883;0.994; CN([C@@H]1CCCN(C1)C(=O)C=C)C1=C2C=CNC2=NC=N1;<rdkit.Chem.rdchem.Mol object at 0x7f5acfeaca50>;0.8392857142857143;0.912621359223301;0.5;0.6666666666666666
CHEMBL3693621;0.994; CC(=O)N1CCCCC11CCN(C1)C1=C2C=CNC2=NC=N1;<rdkit.Chem.rdchem.Mol object at 0x7f5acfeacab0>;0.8070175438596491;0.8932038834951457;0.3037974683544304;0.46601941747572817
CHEMBL4649779;0.994; CN(C1CCN(C1)C1=C2C=CNC2=NC=N1)C(=O)CC#N;<rdkit.Chem.rdchem.Mol object at 0x7f5acfeacb10>;0.9090909090909091;0.9523809523809523;0.5070422535211268;0.6728971962616822
CHEMBL4069969;0.994; C[C@H]1CCN(C[C@@H]1NC1=C2C=CNC2=NC=N1)C(=O)C=C;<rdkit.Chem.rdchem.Mol object at 0x7f5acfeacb70>;0.7704918032786885;0.8703703703703703;0.4444444444444444;0.6153846153846154
CHEMBL4226571;0.994; O=C(CC#N)N1CC[C@H](C1)N(CC1CC1)C1=C2C=CNC2=NC=N1;<rdkit.Chem.rdchem.Mol object at 0x7f5acfeacbd0>;0.8363636363636363;0.9108910891089109;0.6417910447761194;0.7818181818181819
CHEMBL4083165;0.994; C[C@@H]1CCN(C[C@H]1NC1=C2C=CNC2=NC=N1)C(=O)C=C;<rdkit.Chem.rdchem.Mol object at 0x7f5acfeacc30>;0.7704918032786885;0.8703703703703703;0.4444444444444444;0.6153846153846154
CHEMBL1630795;0.994; CC1CCN(CC1N(C)C1=C2C=CNC2=NC=N1)C(=O)C1CCC(=O)C1;<rdkit.Chem.rdchem.Mol object at 0x7f5acfeacc90>;0.864406779661017;0.9272727272727272;0.6470588235294118;0.7857142857142857
CHEMBL4287238;0.993; CN([C@H]1CN(CC11CC1)C(=O)C1CCN(CC1)C(C)=O)C1=C2C=CNC2=NC=N1;<rdkit.Chem.rdchem.Mol object at 0x7f5acfeaccf0>;0.8135593220338984;0.897196261682243;0.47368421052631576;0.6428571428571429
CHEMBL4074183;0.993; C[C@H]1C[C@H](CN(C1)C(=O)C=C)NC1=C2C=CNC2=NC=N1;<rdkit.Chem.rdchem.Mol object at 0x7f5acfeacd50>;0.7166666666666667;0.8349514563106796;0.35526315789473684;0.5242718446601942
CHEMBL4288323;0.993; CN([C@H]1CN(CC11CC1)C(=O)C1CC1)C1=C2C=CNC2=NC=N1;<rdkit.Chem.rdchem.Mol object at 0x7f5acfeacdb0>;0.8070175438596491;0.8932038834951457;0.4722222222222222;0.6415094339622641
CHEMBL3689517;0.993; FC1(F)CN(C(=O)CC#N)C11CCCN(C1)C1=C2C=CNC2=NC=N1;<rdkit.Chem.rdchem.Mol object at 0x7f5acfeace10>;0.746031746031746;0.8545454545454545;0.4230769230769231;0.5945945945945946
CHEMBL3693626;0.993; CC(C)C(=O)N1CCCC11CCN(C1)C1=C2C=CNC2=NC=N1;<rdkit.Chem.rdchem.Mol object at 0x7f5acfeace70>;0.7758620689655172;0.8737864077669902;0.2962962962962963;0.45714285714285713
CHEMBL4280418;0.993; CC(C)C(=O)N1C[C@H](N(C)C2=C3C=CNC3=NC=N2)C2(CC2)C1;<rdkit.Chem.rdchem.Mol object at 0x7f5acfeaced0>;0.7796610169491526;0.8761904761904762;0.4722222222222222;0.6415094339622641
CHEMBL4064018;0.992; C=CC(=O)N1CC[C@H]2CCN([C@H]2C1)C1=C2C=CNC2=NC=N1;<rdkit.Chem.rdchem.Mol object at 0x7f5acfeacf30>;0.7543859649122807;0.86;0.3684210526315789;0.5384615384615384
CHEMBL4095629;0.992; C\\C=C\\C(=O)N1CCC[C@H](C1)NC1=C2C=CNC2=NC=N1;<rdkit.Chem.rdchem.Mol object at 0x7f5acfeacf90>;0.7333333333333333;0.8461538461538461;0.3815789473684211;0.5523809523809524
CHEMBL4285014;0.992; CC(C)CC(=O)N1C[C@H](N(C)C2=C3C=CNC3=NC=N2)C2(CC2)C1;<rdkit.Chem.rdchem.Mol object at 0x7f5acfeb1030>;0.8305084745762712;0.9074074074074074;0.47297297297297297;0.6422018348623854
CHEMBL3689531;0.991; CC1CC2(CCCN2C(=O)CC#N)CN1C1=C2C=CNC2=NC=N1;<rdkit.Chem.rdchem.Mol object at 0x7f5acfeb1090>;0.8771929824561403;0.9345794392523364;0.44871794871794873;0.6194690265486725
CHEMBL4068357;0.991; C[C@@H]1CCN(C[C@@H]1N(C)C1=C2C=CNC2=NC=N1)C(=O)N1CCCC1;<rdkit.Chem.rdchem.Mol object at 0x7f5acfeb10f0>;0.875;0.9333333333333333;0.7213114754098361;0.8380952380952381
CHEMBL3693602;0.99; FC1(F)CCN(C(=O)CC#N)C11CCN(C1)C1=C2C=CNC2=NC=N1;<rdkit.Chem.rdchem.Mol object at 0x7f5acfeb1150>;0.7540983606557377;0.8598130841121495;0.41025641025641024;0.5818181818181818
CHEMBL3689516;0.989; FC1(F)CN(C(=O)CC#N)C11CCN(C1)C1=C2C=CNC2=NC=N1;<rdkit.Chem.rdchem.Mol object at 0x7f5acfeb11b0>;0.7301587301587301;0.8440366972477065;0.4342105263157895;0.6055045871559633
CHEMBL4291735;0.989; CNC(=O)CC(=O)N1C[C@H](N(C)C2=C3C=CNC3=NC=N2)C2(CC2)C1;<rdkit.Chem.rdchem.Mol object at 0x7f5acfeb1210>;0.7903225806451613;0.8828828828828829;0.47297297297297297;0.6422018348623854
CHEMBL4225530;0.989; CC(C)CC(=O)N1CC[C@H](C1)N(C)C1=C2C=CNC2=NC=N1;<rdkit.Chem.rdchem.Mol object at 0x7f5acfeb1330>;0.8928571428571429;0.9433962264150944;0.582089552238806;0.7358490566037735
CHEMBL4283881;0.988; CN([C@H]1CN(CC11CC1)C(=O)CNC(C)=O)C1=C2C=CNC2=NC=N1;<rdkit.Chem.rdchem.Mol object at 0x7f5acfeb13f0>;0.7619047619047619;0.8648648648648649;0.4666666666666667;0.6363636363636364
CHEMBL4287529;0.988; CCCCN1C[C@H](N(C)C2=C3C=CNC3=NC=N2)C2(CC2)C1;<rdkit.Chem.rdchem.Mol object at 0x7f5acfeb1450>;0.7586206896551724;0.8627450980392157;0.4;0.5714285714285714
CHEMBL3689535;0.986; CC1CCN(C(=O)CC#N)C11CN(CC1(F)F)C1=C2C=CNC2=NC=N1;<rdkit.Chem.rdchem.Mol object at 0x7f5acfeb1570>;0.819672131147541;0.9009009009009009;0.46153846153846156;0.631578947368421
CHEMBL3689520;0.986; CN(CCC#N)C(=O)N1CCCC11CCN(C1)C1=C2C=CNC2=NC=N1;<rdkit.Chem.rdchem.Mol object at 0x7f5acfeb15d0>;0.8135593220338984;0.897196261682243;0.3855421686746988;0.5565217391304348
CHEMBL4283095;0.985; CCN1C[C@H](N(C)C2=C3C=CNC3=NC=N2)C2(CC2)C1;<rdkit.Chem.rdchem.Mol object at 0x7f5acfeb1690>;0.7241379310344828;0.84;0.4225352112676056;0.594059405940594
CHEMBL1630799;0.985; CC1CCN(CC1N(C)C1=C2C=CNC2=NC=N1)C(=O)CS(C)(=O)=O;<rdkit.Chem.rdchem.Mol object at 0x7f5acfeb1750>;0.7464788732394366;0.8548387096774194;0.746031746031746;0.8545454545454545
CHEMBL4639731;0.984; O=C(CC#N)N1CCC2(CCN(C2)C2=C3C=CNC3=NC=N2)C1;<rdkit.Chem.rdchem.Mol object at 0x7f5acfeb1870>;0.7894736842105263;0.8823529411764706;0.4722222222222222;0.6415094339622641
CHEMBL3693598;0.983; CC(=O)OCC(=O)N1CCCC11CCCN(C1)C1=C2C=CNC2=NC=N1;<rdkit.Chem.rdchem.Mol object at 0x7f5acfeb1930>;0.7121212121212122;0.831858407079646;0.3132530120481928;0.47706422018348627
CHEMBL3693609;0.982; CN(CC#N)C(=O)N1CCCC11CCN(C1)C1=C2C=CNC2=NC=N1;<rdkit.Chem.rdchem.Mol object at 0x7f5acfeb1990>;0.7966101694915254;0.8867924528301887;0.38271604938271603;0.5535714285714286
CHEMBL4225201;0.982; CN([C@@H]1CCN(CCC#N)C1)C1=C2C=CNC2=NC=N1;<rdkit.Chem.rdchem.Mol object at 0x7f5acfeb19f0>;0.7962962962962963;0.8865979381443299;0.5294117647058824;0.6923076923076923
CHEMBL4225197;0.982; CCCCN1CC[C@H](C1)N(C)C1=C2C=CNC2=NC=N1;<rdkit.Chem.rdchem.Mol object at 0x7f5acfeb1a50>;0.8;0.8888888888888888;0.45714285714285713;0.6274509803921569
CHEMBL4292871;0.981; CN([C@H]1CN(CC11CC1)C(=O)CN=[N+]=[N-])C1=C2C=CNC2=NC=N1;<rdkit.Chem.rdchem.Mol object at 0x7f5acfeb1ab0>;0.7384615384615385;0.8495575221238938;0.44871794871794873;0.6194690265486725
CHEMBL3693614;0.981; COC(=O)CCC(=O)N1CCCC11CCN(C1)C1=C2C=CNC2=NC=N1;<rdkit.Chem.rdchem.Mol object at 0x7f5acfeb1b10>;0.7619047619047619;0.8648648648648649;0.30952380952380953;0.4727272727272727
CHEMBL4225471;0.978; CN([C@@H]1CCN(C1)C(=O)C=N[NH+]=[N-])C1=C2C=CNC2=NC=N1;<rdkit.Chem.rdchem.Mol object at 0x7f5acfeb1b70>;0.7076923076923077;0.8288288288288288;0.4864864864864865;0.6545454545454545
CHEMBL1630793;0.978; CC1CCN(CC1N(C)C1=C2C=CNC2=NC=N1)C(=O)C1CCN(CC2=CC=CC=C2)C1=O;<rdkit.Chem.rdchem.Mol object at 0x7f5acfeb1bd0>;0.8813559322033898;0.9369369369369369;0.6216216216216216;0.7666666666666667
CHEMBL4285366;0.976; CN([C@H]1CN(CC11CC1)C(=O)C1=CC=NC=C1)C1=C2C=CNC2=NC=N1;<rdkit.Chem.rdchem.Mol object at 0x7f5acfeb1cf0>;0.8070175438596491;0.8932038834951457;0.44;0.6111111111111112
CHEMBL3693611;0.975; O=C(N1CCCC11CCN(C1)C1=C2C=CNC2=NC=N1)C1=CC=C(C=C1)C#N;<rdkit.Chem.rdchem.Mol object at 0x7f5acfeb1d50>;0.7719298245614035;0.8712871287128713;0.3058823529411765;0.46846846846846846
CHEMBL4290647;0.973; CN([C@H]1CN(CC11CC1)C(=O)C1=CC=CC=C1)C1=C2C=CNC2=NC=N1;<rdkit.Chem.rdchem.Mol object at 0x7f5acfeb1db0>;0.8070175438596491;0.8932038834951457;0.44;0.6111111111111112
CHEMBL3693610;0.973; O=C(N1CCCC11CCN(C1)C1=C2C=CNC2=NC=N1)C1=CC(=CC=C1)C#N;<rdkit.Chem.rdchem.Mol object at 0x7f5acfeb1e10>;0.7719298245614035;0.8712871287128713;0.29213483146067415;0.45217391304347826
CHEMBL3693633;0.971; O=C(CC#N)N1CCCC11CCCN(C1)C1=C2NC=NC2=NC=N1;<rdkit.Chem.rdchem.Mol object at 0x7f5acfeb1e70>;0.8103448275862069;0.8952380952380953;0.27710843373493976;0.4339622641509434
CHEMBL1630796;0.965; CC1CCN(CC1N(C)C1=C2C=CNC2=NC=N1)C(=O)C1=CSC=C1;<rdkit.Chem.rdchem.Mol object at 0x7f5acfeb1f30>;0.8928571428571429;0.9433962264150944;0.6470588235294118;0.7857142857142857
CHEMBL4287505;0.964; CCCCNC(=O)N1C[C@H](N(C)C2=C3C=CNC3=NC=N2)C2(CC2)C1;<rdkit.Chem.rdchem.Mol object at 0x7f5acfeb1f90>;0.75;0.8571428571428571;0.4358974358974359;0.6071428571428571
CHEMBL4279618;0.964; CN([C@H]1CN(CC2=CC=CC=C2)CC11CC1)C1=C2C=CNC2=NC=N1;<rdkit.Chem.rdchem.Mol object at 0x7f5acfea9090>;0.7368421052631579;0.8484848484848485;0.39473684210526316;0.5660377358490566
CHEMBL4292627;0.964; CN([C@H]1CN(CC11CC1)C(=O)C1=CC=C(C=C1)C#N)C1=C2C=CNC2=NC=N1;<rdkit.Chem.rdchem.Mol object at 0x7f5acfea90f0>;0.8245614035087719;0.9038461538461539;0.4675324675324675;0.6371681415929203
CHEMBL4293188;0.964; CN([C@H]1CN(CC11CC1)C(=O)C1=CC=CC(=C1)C#N)C1=C2C=CNC2=NC=N1;<rdkit.Chem.rdchem.Mol object at 0x7f5acfea9150>;0.8245614035087719;0.9038461538461539;0.4444444444444444;0.6153846153846154
CHEMBL4280297;0.963; CN([C@H]1CN(CC11CC1)C(=O)NC1CCCCC1)C1=C2C=CNC2=NC=N1;<rdkit.Chem.rdchem.Mol object at 0x7f5acfea91b0>;0.7301587301587301;0.8440366972477065;0.44155844155844154;0.6126126126126126
CHEMBL4290931;0.961; CN([C@H]1CN(CC11CC1)C(=O)NC1=CC=CC=C1)C1=C2C=CNC2=NC=N1;<rdkit.Chem.rdchem.Mol object at 0x7f5acfea9210>;0.7377049180327869;0.8490566037735849;0.42857142857142855;0.6
CHEMBL4280010;0.959; CN([C@H]1CN(CC11CC1)C(=O)C1=CC=CN=C1)C1=C2C=CNC2=NC=N1;<rdkit.Chem.rdchem.Mol object at 0x7f5acfea9270>;0.8245614035087719;0.9038461538461539;0.4125;0.584070796460177
CHEMBL1630790;0.959; C[C@@H]1CCN(CC2=CC=CC(F)=C2F)C[C@@H]1N(C)C1=C2C=CNC2=NC=N1;<rdkit.Chem.rdchem.Mol object at 0x7f5acfea92d0>;0.7796610169491526;0.8761904761904762;0.5342465753424658;0.6964285714285714
CHEMBL4226460;0.947; CN([C@@H]1CCN(C1)C(=O)NC1=CC=CC=C1)C1=C2C=CNC2=NC=N1;<rdkit.Chem.rdchem.Mol object at 0x7f5acfea93f0>;0.7627118644067796;0.8653846153846154;0.5070422535211268;0.6728971962616822
CHEMBL4276863;0.944; CC(C)COC(=O)N1C[C@H](N(C)C2=C3C=CNC3=NC=N2)C2(CC2)C1;<rdkit.Chem.rdchem.Mol object at 0x7f5acfea9450>;0.7121212121212122;0.831858407079646;0.4358974358974359;0.6071428571428571
CHEMBL3693634;0.943; O=C(CC#N)N1CCCCC11CCN(C1)C1=C2NC=NC2=NC=N1;<rdkit.Chem.rdchem.Mol object at 0x7f5acfea9510>;0.8103448275862069;0.8952380952380953;0.27058823529411763;0.42592592592592593
CHEMBL570598;0.937; CC1=CNC2=NC=NC(N3CCC(CC3)C(=O)NC3=CC=CC=C3)=C12;<rdkit.Chem.rdchem.Mol object at 0x7f5acfea95d0>;0.7413793103448276;0.8514851485148515;0.24096385542168675;0.3883495145631068
CHEMBL3356065;0.922; C[C@H]1CN(CCN1C(=O)CC1=CC=CC=C1)C1=C2C(C)=CNC2=NC=N1;<rdkit.Chem.rdchem.Mol object at 0x7f5acfea9630>;0.9272727272727272;0.9622641509433962;0.27058823529411763;0.42592592592592593
CHEMBL570339;0.919; CC1=CNC2=NC=NC(N3CCC(CC3)C(=O)NC3=CC=C(C)C=C3)=C12;<rdkit.Chem.rdchem.Mol object at 0x7f5acfea97b0>;0.7586206896551724;0.8627450980392157;0.24096385542168675;0.3883495145631068
CHEMBL568938;0.918; CC1=CNC2=NC=NC(N3CCC(CC3)C(=O)NC3=CC(C)=CC=C3)=C12;<rdkit.Chem.rdchem.Mol object at 0x7f5acfea9810>;0.7586206896551724;0.8627450980392157;0.22988505747126436;0.37383177570093457
CHEMBL1630792;0.914; C[C@@H]1CCN(C[C@@H]1N(C)C1=C2C=CNC2=NC=N1)C(=O)C1CC2=CC(Cl)=CC=C2O1;<rdkit.Chem.rdchem.Mol object at 0x7f5acfea9990>;0.7727272727272727;0.8717948717948718;0.5714285714285714;0.7272727272727273
CHEMBL4229278;0.91; CC(C)COC(=O)N1CC[C@H](C1)N(C)C1=C2C=CNC2=NC=N1;<rdkit.Chem.rdchem.Mol object at 0x7f5acfea9b70>;0.7619047619047619;0.8648648648648649;0.5138888888888888;0.6788990825688074
CHEMBL3718794;0.904; CC1CC(C)CN(C1)C1=NC=NC2=C1C1=C(N2)C=CC(=C1)C(N)=O;<rdkit.Chem.rdchem.Mol object at 0x7f5acfea9cf0>;0.7368421052631579;0.8484848484848485;0.24691358024691357;0.39603960396039606
CHEMBL3719102;0.903; CC1CCCN(C1)C1=NC=NC2=C1C1=C(N2)C=CC(=C1)C(N)=O;<rdkit.Chem.rdchem.Mol object at 0x7f5acfea9d50>;0.8070175438596491;0.8932038834951457;0.26506024096385544;0.41904761904761906
CHEMBL3716162;0.903; CC1CCN(CC1)C1=NC=NC2=C1C1=C(N2)C=CC(=C1)C(N)=O;<rdkit.Chem.rdchem.Mol object at 0x7f5acfea9db0>;0.7894736842105263;0.8823529411764706;0.2625;0.4158415841584158
CHEMBL3356064;0.899; C[C@H]1CN(CCN1C(=O)NC1=CC=CC=C1)C1=C2C(C)=CNC2=NC=N1;<rdkit.Chem.rdchem.Mol object at 0x7f5acfea9ed0>;0.8;0.8888888888888888;0.2441860465116279;0.3925233644859813
CHEMBL4285042;0.894; CN([C@H]1CN(CC11CC1)C(=O)NC1=CC=C(C)C(Cl)=C1)C1=C2C=CNC2=NC=N1;<rdkit.Chem.rdchem.Mol object at 0x7f5acfeaf030>;0.7121212121212122;0.831858407079646;0.40963855421686746;0.5811965811965812
CHEMBL3715974;0.88; NC(=O)C1=CC2=C(NC3=C2C(=NC=N3)N2CCCCCC2)C=C1;<rdkit.Chem.rdchem.Mol object at 0x7f5acfeaf270>;0.7241379310344828;0.84;0.2125;0.35051546391752575
CHEMBL3715588;0.878; NC(=O)C1=CC2=C(NC3=C2C(=NC=N3)N2CCCCC2)C=C1;<rdkit.Chem.rdchem.Mol object at 0x7f5acfeaf2d0>;0.7368421052631579;0.8484848484848485;0.2125;0.35051546391752575
CHEMBL3719354;0.878; NC(=O)C1=CC2=C(NC3=C2C(=NC=N3)N2CCCCC2)C=C1;<rdkit.Chem.rdchem.Mol object at 0x7f5acfeaf330>;0.7368421052631579;0.8484848484848485;0.2125;0.35051546391752575
CHEMBL3715037;0.872; CCC1CCCCN1C1=NC=NC2=C1C1=C(N2)C=CC(=C1)C(N)=O;<rdkit.Chem.rdchem.Mol object at 0x7f5acfeaf450>;0.7758620689655172;0.8737864077669902;0.2441860465116279;0.3925233644859813
CHEMBL4287328;0.863; CN([C@H]1CN(CC11CC1)C(=O)NC1=CC=CC=C1C1=CC=CC=C1)C1=C2C=CNC2=NC=N1;<rdkit.Chem.rdchem.Mol object at 0x7f5acfeaf630>;0.7301587301587301;0.8440366972477065;0.39759036144578314;0.5689655172413793
CHEMBL3356066;0.857; C[C@@H](NC(=O)N1CCN(C[C@@H]1C)C1=C2C(C)=CNC2=NC=N1)C1=CC=CC=C1;<rdkit.Chem.rdchem.Mol object at 0x7f5acfeaf870>;0.7868852459016393;0.8807339449541285;0.23333333333333334;0.3783783783783784
CHEMBL3669559;0.855; O=C1N(CC2=CNC3=CC=CC=C23)CCCC11CCN(CC1)C1=C2C=CNC2=NC=N1;<rdkit.Chem.rdchem.Mol object at 0x7f5acfeaf990>;0.7096774193548387;0.8301886792452831;0.25842696629213485;0.4107142857142857
CHEMBL4214539;0.846; ClC1=CC=C(CC(=O)N2CCN(CC2)C2=C3C(Br)=CNC3=NC=N2)C=C1;<rdkit.Chem.rdchem.Mol object at 0x7f5acfeafbd0>;0.75;0.8571428571428571;0.23809523809523808;0.38461538461538464
CHEMBL3352853;0.845; C[C@H](NC(=O)N1CCN(C[C@@H]1C)C1=C2C(C)=CNC2=NC=N1)C1=CC=CC=C1;<rdkit.Chem.rdchem.Mol object at 0x7f5acfeafc90>;0.7868852459016393;0.8807339449541285;0.23333333333333334;0.3783783783783784
CHEMBL3356425;0.844; CC1=CNC2=NC=NC(N3CCC(C)(CC3)C(=O)NC3=CC=CC(=C3)C(C)(C)C)=C12;<rdkit.Chem.rdchem.Mol object at 0x7f5acfeafdb0>;0.7419354838709677;0.8518518518518519;0.19148936170212766;0.32142857142857145
CHEMBL1630789;0.842; C[C@@H]1CCN(C[C@@H]1N(C)C1=C2C=CNC2=NC=N1)C(=O)NC1=CC(C)=NS1;<rdkit.Chem.rdchem.Mol object at 0x7f5acfeaff90>;0.7101449275362319;0.8305084745762712;0.6111111111111112;0.7586206896551724
CHEMBL571502;0.84; C[C@@H]1CN(CCN1C(=O)NC1=CC=CC(Br)=C1)C1=C2C(C)=CNC2=NC=N1;<rdkit.Chem.rdchem.Mol object at 0x7f5ace5b8090>;0.75;0.8571428571428571;0.22826086956521738;0.37168141592920356
CHEMBL571942;0.839; C[C@H]1CN(CCN1C(=O)NC1=CC=CC(Br)=C1)C1=C2C(C)=CNC2=NC=N1;<rdkit.Chem.rdchem.Mol object at 0x7f5ace5b80f0>;0.75;0.8571428571428571;0.22826086956521738;0.37168141592920356
CHEMBL1630787;0.835; CCN(CC)C(=O)OC[C@H](C)[C@H]1CC[C@@H](C)[C@H](C1)N(C)C1=C2C=CNC2=NC=N1;<rdkit.Chem.rdchem.Mol object at 0x7f5ace5b8210>;0.7619047619047619;0.8648648648648649;0.47435897435897434;0.6434782608695652
CHEMBL583464;0.831; C[C@H]1CN(CCN1C(=O)NC1=CC=CC(Cl)=C1)C1=C2C(C)=CNC2=NC=N1;<rdkit.Chem.rdchem.Mol object at 0x7f5ace5b84b0>;0.75;0.8571428571428571;0.22826086956521738;0.37168141592920356
CHEMBL572170;0.829; CC(C)NC(=O)C1=CC(NC(=O)N2CCN(C[C@@H]2C)C2=C3C(C)=CNC3=NC=N2)=CC=C1;<rdkit.Chem.rdchem.Mol object at 0x7f5ace5b8510>;0.765625;0.8672566371681416;0.21428571428571427;0.35294117647058826
CHEMBL258838;0.827; CN1CCC2(CN(C3=CC=CC=C23)C2=C3C=CNC3=NC=N2)CC1;<rdkit.Chem.rdchem.Mol object at 0x7f5ace5b86f0>;0.7068965517241379;0.8282828282828283;0.2625;0.4158415841584158
CHEMBL570820;0.821; C[C@H]1CN(CCN1C(=O)NC1=CC=C(F)C(Br)=C1)C1=C2C(C)=CNC2=NC=N1;<rdkit.Chem.rdchem.Mol object at 0x7f5ace5b88d0>;0.7272727272727273;0.8421052631578947;0.22340425531914893;0.3652173913043478
CHEMBL3717493;0.819; NC(=O)C1=CC2=C(NC3=C2C(=NC(N)=N3)N2CCCCC2)C=C1;<rdkit.Chem.rdchem.Mol object at 0x7f5ace5b89f0>;0.7;0.8235294117647058;0.16279069767441862;0.28
CHEMBL3716812;0.814; CC1=NC2=C(C3=C(N2)C=CC(=C3)C(N)=O)C(=N1)N1CCCCC1;<rdkit.Chem.rdchem.Mol object at 0x7f5ace5b8b10>;0.7543859649122807;0.86;0.1744186046511628;0.297029702970297
CHEMBL3393349;0.812; CN1CCN(CC1)C1=C2C(NC=C2C2=CC=CC(=C2)C#N)=NC=N1;<rdkit.Chem.rdchem.Mol object at 0x7f5ace5b8b70>;0.7818181818181819;0.8775510204081632;0.2289156626506024;0.37254901960784315
CHEMBL4545883;0.802; CC1CCCCN1CC(C)(C)NC1=NC(=NC2=CN=CC=C12)C1=CC=NC=C1;<rdkit.Chem.rdchem.Mol object at 0x7f5ace5b8f30>;0.7049180327868853;0.8269230769230769;0.15053763440860216;0.2616822429906542
CHEMBL3356063;0.8; COC1=CC=CC(NC(=O)N2CCN(C[C@@H]2C)C2=C3C(C)=CNC3=NC=N2)=C1;<rdkit.Chem.rdchem.Mol object at 0x7f5ace5b8f90>;0.7352941176470589;0.847457627118644;0.22340425531914893;0.3652173913043478
CHEMBL3715062;0.798; CCCN(CCC)C1=NC=NC2=C1C1=C(N2)C=CC(=C1)C(N)=O;<rdkit.Chem.rdchem.Mol object at 0x7f5ace5b40f0>;0.8070175438596491;0.8932038834951457;0.24050632911392406;0.3877551020408163
CHEMBL3715766;0.783; COC(=O)C1=CC2=C(NC3=C2C(=NC(C)=N3)N2CCCCC2)C=C1;<rdkit.Chem.rdchem.Mol object at 0x7f5ace5b46f0>;0.711864406779661;0.8316831683168316;0.1590909090909091;0.27450980392156865
CHEMBL3665194;0.773; CSC1=NC=C(C(N[C@H]2CCCN(C2)C(=O)CC#N)=N1)C1=CN=C2NC=CC2=N1;<rdkit.Chem.rdchem.Mol object at 0x7f5ace5b4c90>;0.7575757575757576;0.8620689655172413;0.4069767441860465;0.5785123966942148
CHEMBL4448573;0.772; O=C(NC1=CC=CC(=C1)C1CCCN(C1)C1=C2C=CNC2=NC=N1)C1=CC=CC=C1;<rdkit.Chem.rdchem.Mol object at 0x7f5ace5b4e10>;0.75;0.8571428571428571;0.2988505747126437;0.46017699115044247
CHEMBL571715;0.769; CC1=CNC2=NC=NC(N3CCN(CC3)C(=O)NC3=CC(C)=CC=C3)=C12;<rdkit.Chem.rdchem.Mol object at 0x7f5ace5b4f90>;0.7333333333333333;0.8461538461538461;0.22093023255813954;0.3619047619047619
CHEMBL4167162;0.762; ClC1=CC=C(NC2=C3C=C(NC(=O)CN4CCCC4)C=CC3=NC=N2)C=C1;<rdkit.Chem.rdchem.Mol object at 0x7f5ace5b02d0>;0.7258064516129032;0.8411214953271028;0.1839080459770115;0.3106796116504854
CHEMBL4649816;0.762; O=C1C[C@@H](CN1CC1=CC=CC=C1)NC1=C2NC=NC2=NC=N1;<rdkit.Chem.rdchem.Mol object at 0x7f5ace5b03f0>;0.75;0.8571428571428571;0.19767441860465115;0.3300970873786408
CHEMBL3804845;0.759; CN1C(=O)N(CC(C)(C)C)C2=CC=C(N=C12)N1CC2CCC1CN2C1=NC=CC=N1;<rdkit.Chem.rdchem.Mol object at 0x7f5ace5b0570>;0.7272727272727273;0.8421052631578947;0.14130434782608695;0.24761904761904763
CHEMBL3806226;0.755; CN1C(=O)N(CC(C)(C)C)C2=CC=C(N=C12)N1CC2CCC1CN2;<rdkit.Chem.rdchem.Mol object at 0x7f5ace5b0870>;0.7101449275362319;0.8305084745762712;0.14130434782608695;0.24761904761904763
CHEMBL4087971;0.748; CN1CCN(CC1)[C@H]1CC[C@@H](CC1)NC1=NC=NC2=CC=C(C=C12)C#N;<rdkit.Chem.rdchem.Mol object at 0x7f5ace5b0b10>;0.7192982456140351;0.8367346938775511;0.21176470588235294;0.34951456310679613
CHEMBL3393341;0.718; C[C@H]1CCCN(C1)C1=C2C(NC=C2C2=CC=CC(=C2)C#N)=NC=N1;<rdkit.Chem.rdchem.Mol object at 0x7f5ace5c56f0>;0.7636363636363637;0.865979381443299;0.27058823529411763;0.42592592592592593
CHEMBL3393342;0.718; C[C@@H]1CCCN(C1)C1=C2C(NC=C2C2=CC=CC(=C2)C#N)=NC=N1;<rdkit.Chem.rdchem.Mol object at 0x7f5ace5c5750>;0.7636363636363637;0.865979381443299;0.27058823529411763;0.42592592592592593
CHEMBL297702;0.717; CC1(C)CC(=O)N(CCCCN2CCN(CC2)C2=NC3=CC=CC=C3C=C2)C(=O)C1;<rdkit.Chem.rdchem.Mol object at 0x7f5ace5c58d0>;0.7142857142857143;0.8333333333333334;0.12359550561797752;0.22
CHEMBL4468002;0.717; O=C(NC1=CC=CN=C1)NC1=CC=CC(=C1)C1CCCN(C1)C1=C2C=CNC2=NC=N1;<rdkit.Chem.rdchem.Mol object at 0x7f5ace5c5930>;0.711864406779661;0.8316831683168316;0.28888888888888886;0.4482758620689655
CHEMBL4445919;0.716; O=C(NC1=CC=CC(=C1)C1CCCN(C1)C1=C2C=CNC2=NC=N1)NC1=CC=CC=C1N1CCCCC1;<rdkit.Chem.rdchem.Mol object at 0x7f5ace5c5990>;0.7049180327868853;0.8269230769230769;0.27956989247311825;0.4369747899159664
CHEMBL78377;0.713; CC1=C(C)C2=C(NCCCN3CCCC3=O)N=C(N=C2N1)C1=CC=CC=C1;<rdkit.Chem.rdchem.Mol object at 0x7f5ace5c5ab0>;0.746031746031746;0.8545454545454545;0.1368421052631579;0.24074074074074073
CHEMBL4460419;0.711; O=C(NC1=CC=CC(=C1)C1CCCN(C1)C1=C2C=CNC2=NC=N1)NC1=CC=CC=N1;<rdkit.Chem.rdchem.Mol object at 0x7f5ace5c5cf0>;0.711864406779661;0.8316831683168316;0.2857142857142857;0.4444444444444444
CHEMBL2314501;0.71; CN1CCCN(CC1)C1=C2C=C(NC2=NC(N)=N1)C1=CC=CC=C1;<rdkit.Chem.rdchem.Mol object at 0x7f5ace5c5db0>;0.7049180327868853;0.8269230769230769;0.13793103448275862;0.24242424242424243
CHEMBL585734;0.707; CC(C)NC(=O)C1=CC(N\\C(=N/C#N)N2CCN(C[C@@H]2C)C2=C3C(C)=CNC3=NC=N2)=CC=C1;<rdkit.Chem.rdchem.Mol object at 0x7f5ace5c5f30>;0.78125;0.8771929824561403;0.23300970873786409;0.3779527559055118
CHEMBL506969;0.705; CN1CCN(CC1)C1=NC=NC2=CC=CC=C12;<rdkit.Chem.rdchem.Mol object at 0x7f5ace5c80f0>;0.7090909090909091;0.8297872340425532;0.1643835616438356;0.2823529411764706
CHEMBL2152300;0.702; O=C(CC#N)N1CCC[C@H](C1)N1C=NC2=C1C1=C(NC=C1)N=C2;<rdkit.Chem.rdchem.Mol object at 0x7f5ace5c8270>;0.8363636363636363;0.9108910891089109;0.4864864864864865;0.6545454545454545
CHEMBL3593766;0.699; NC(=O)C1=CN=C2NC=CC2=C1N[C@@H]1CCCN(CC2=CC=CC=C2)C1;<rdkit.Chem.rdchem.Mol object at 0x7f5ace5c8390>;0.7540983606557377;0.8598130841121495;0.2976190476190476;0.45871559633027525
CHEMBL569861;0.699; C[C@H]1CN(CCN1\\C(NC1=CC=CC(=C1)C#N)=N\\C#N)C1=C2C(C)=CNC2=NC=N1;<rdkit.Chem.rdchem.Mol object at 0x7f5ace5c83f0>;0.7258064516129032;0.8411214953271028;0.2268041237113402;0.3697478991596639
CHEMBL3593768;0.683; NC(=O)C1=CN=C2NC=CC2=C1NC1CCN(CC1)C(=O)CC#N;<rdkit.Chem.rdchem.Mol object at 0x7f5ace5c8a50>;0.7580645161290323;0.8623853211009175;0.4861111111111111;0.6542056074766355
